Model,Accuracy,AUC,Precision,Recall,F1 Score,MCC
Logistic Regression,0.9015813336282207,0.9054172935312312,0.6473684210526316,0.3487712665406427,0.4533169533169533,0.42798793467415075
Decision Tree Classifier,0.8998120092889528,0.838196322736511,0.6101449275362318,0.39792060491493386,0.4816933638443936,0.44097414893817954
K-Nearest Neighbors,0.8960521950680084,0.8372599616719913,0.5930599369085173,0.3553875236294896,0.4444444444444444,0.40669557905745657
Naive Bayes (Gaussian),0.8638726086475728,0.8087853761720049,0.42821576763485475,0.4877126654064272,0.45603181617322136,0.3796553346420521
Random Forest (Ensemble),0.9044564856795311,0.9266772646727736,0.6963562753036437,0.32514177693761814,0.44329896907216493,0.43329765414710647
XGBoost (Ensemble),0.907995134358067,0.9327875518014045,0.6531165311653117,0.4555765595463138,0.5367483296213809,0.4972245634864581
